PG,SG,SF,PF,C,G,F,UTIL,,Instructions
,,,,,,,,,1. Locate the player you want to select in the list below 
,,,,,,,,,2. Copy the ID of your player (you can use the Name + ID column or the ID column) 
,,,,,,,,,3. Paste the ID into the roster position desired 
,,,,,,,,,4. You must include an ID for each player; you cannot use just the player's name 
,,,,,,,,,5. You can create up to 500 lineups per file 
 
,,,,,,,,,Position,Name + ID,Name,ID,Roster Position,Salary,Game Info,TeamAbbrev,AvgPointsPerGame
,,,,,,,,,C,Nikola Jokic (12010935),Nikola Jokic,12010935,C/UTIL,10800,DEN@MEM 01/28/2019 08:00PM ET,DEN,49.26
,,,,,,,,,PG,Kyrie Irving (12010937),Kyrie Irving,12010937,PG/G/UTIL,9600,BKN@BOS 01/28/2019 07:30PM ET,BOS,44.79
,,,,,,,,,SF/PF,Kevin Durant (12010940),Kevin Durant,12010940,SF/PF/F/UTIL,9400,GS@IND 01/28/2019 07:00PM ET,GS,49.76
,,,,,,,,,PG/SG,Stephen Curry (12010944),Stephen Curry,12010944,PG/SG/G/UTIL,9100,GS@IND 01/28/2019 07:00PM ET,GS,48.21
,,,,,,,,,PG,Kemba Walker (12010948),Kemba Walker,12010948,PG/G/UTIL,8900,NY@CHA 01/28/2019 07:00PM ET,CHA,42.38
,,,,,,,,,PG/SG,D'Angelo Russell (12010951),D'Angelo Russell,12010951,PG/SG/G/UTIL,8600,BKN@BOS 01/28/2019 07:30PM ET,BKN,36.42
,,,,,,,,,PF/C,John Collins (12010955),John Collins,12010955,PF/C/F/UTIL,8200,ATL@LAC 01/28/2019 10:30PM ET,ATL,37.06
,,,,,,,,,SF/PF,Tobias Harris (12010959),Tobias Harris,12010959,SF/PF/F/UTIL,8000,ATL@LAC 01/28/2019 10:30PM ET,LAC,37.56
,,,,,,,,,C,Marc Gasol (12010963),Marc Gasol,12010963,C/UTIL,7800,DEN@MEM 01/28/2019 08:00PM ET,MEM,38.43
,,,,,,,,,PG,Mike Conley (12010965),Mike Conley,12010965,PG/G/UTIL,7700,DEN@MEM 01/28/2019 08:00PM ET,MEM,37.10
,,,,,,,,,PG/SG,Lou Williams (12010968),Lou Williams,12010968,PG/SG/G/UTIL,7400,ATL@LAC 01/28/2019 10:30PM ET,LAC,31.35
,,,,,,,,,PF/C,Montrezl Harrell (12010972),Montrezl Harrell,12010972,PF/C/F/UTIL,7100,ATL@LAC 01/28/2019 10:30PM ET,LAC,30.83
,,,,,,,,,SG/SF,Will Barton (12010976),Will Barton,12010976,SG/SF/F/G/UTIL,6900,DEN@MEM 01/28/2019 08:00PM ET,DEN,24.83
,,,,,,,,,C,Myles Turner (12010985),Myles Turner,12010985,C/UTIL,6800,GS@IND 01/28/2019 07:00PM ET,IND,31.19
,,,,,,,,,PG/SG,Jamal Murray (12010981),Jamal Murray,12010981,PG/SG/G/UTIL,6800,DEN@MEM 01/28/2019 08:00PM ET,DEN,33.40
,,,,,,,,,PG,Trae Young (12010987),Trae Young,12010987,PG/G/UTIL,6700,ATL@LAC 01/28/2019 10:30PM ET,ATL,32.52
,,,,,,,,,PF/C,Domantas Sabonis (12010990),Domantas Sabonis,12010990,PF/C/F/UTIL,6600,GS@IND 01/28/2019 07:00PM ET,IND,32.83
,,,,,,,,,PF/C,DeMarcus Cousins (12010994),DeMarcus Cousins,12010994,PF/C/F/UTIL,6500,GS@IND 01/28/2019 07:00PM ET,GS,31.06
,,,,,,,,,SF/PF,Danilo Gallinari (12011002),Danilo Gallinari,12011002,SF/PF/F/UTIL,6400,ATL@LAC 01/28/2019 10:30PM ET,LAC,32.81
,,,,,,,,,PF/C,Al Horford (12010998),Al Horford,12010998,PF/C/F/UTIL,6400,BKN@BOS 01/28/2019 07:30PM ET,BOS,30.25
,,,,,,,,,PF/C,Draymond Green (12011006),Draymond Green,12011006,PF/C/F/UTIL,6300,GS@IND 01/28/2019 07:00PM ET,GS,32.31
,,,,,,,,,PF/C,Noah Vonleh (12011014),Noah Vonleh,12011014,PF/C/F/UTIL,6200,NY@CHA 01/28/2019 07:00PM ET,NY,26.26
,,,,,,,,,PG/SG,Spencer Dinwiddie (12011010),Spencer Dinwiddie,12011010,PG/SG/G/UTIL,6200,BKN@BOS 01/28/2019 07:30PM ET,BKN,29.31
,,,,,,,,,SG,Klay Thompson (12011018),Klay Thompson,12011018,SG/G/UTIL,6100,GS@IND 01/28/2019 07:00PM ET,GS,34.26
,,,,,,,,,PG,Darren Collison (12011021),Darren Collison,12011021,PG/G/UTIL,5900,GS@IND 01/28/2019 07:00PM ET,IND,25.33
,,,,,,,,,SG/SF,Tim Hardaway Jr. (12011027),Tim Hardaway Jr.,12011027,SG/SF/F/G/UTIL,5800,NY@CHA 01/28/2019 07:00PM ET,NY,30.15
,,,,,,,,,SG,Gary Harris (12011024),Gary Harris,12011024,SG/G/UTIL,5800,DEN@MEM 01/28/2019 08:00PM ET,DEN,25.84
,,,,,,,,,SF/PF,Thaddeus Young (12011032),Thaddeus Young,12011032,SF/PF/F/UTIL,5700,GS@IND 01/28/2019 07:00PM ET,IND,26.94
,,,,,,,,,PF/C,Jaren Jackson Jr. (12011036),Jaren Jackson Jr.,12011036,PF/C/F/UTIL,5700,DEN@MEM 01/28/2019 08:00PM ET,MEM,25.47
,,,,,,,,,SG/SF,Jeremy Lamb (12011040),Jeremy Lamb,12011040,SG/SF/F/G/UTIL,5600,NY@CHA 01/28/2019 07:00PM ET,CHA,27.83
,,,,,,,,,SG/SF,Bojan Bogdanovic (12011049),Bojan Bogdanovic,12011049,SG/SF/F/G/UTIL,5600,GS@IND 01/28/2019 07:00PM ET,IND,25.65
,,,,,,,,,SF/PF,Jayson Tatum (12011045),Jayson Tatum,12011045,SF/PF/F/UTIL,5600,BKN@BOS 01/28/2019 07:30PM ET,BOS,30.70
,,,,,,,,,PF/C,Dewayne Dedmon (12011060),Dewayne Dedmon,12011060,PF/C/F/UTIL,5500,ATL@LAC 01/28/2019 10:30PM ET,ATL,25.77
,,,,,,,,,PG/SG,Caris LeVert (12011054),Caris LeVert,12011054,PG/SG/G/UTIL,5500,BKN@BOS 01/28/2019 07:30PM ET,BKN,32.04
,,,,,,,,,C,Jarrett Allen (12011058),Jarrett Allen,12011058,C/UTIL,5500,BKN@BOS 01/28/2019 07:30PM ET,BKN,28.55
,,,,,,,,,SF/PF,Kevin Knox (12011067),Kevin Knox,12011067,SF/PF/F/UTIL,5400,NY@CHA 01/28/2019 07:00PM ET,NY,20.51
,,,,,,,,,SF,Taurean Prince (12011064),Taurean Prince,12011064,SF/F/UTIL,5400,ATL@LAC 01/28/2019 10:30PM ET,ATL,24.98
,,,,,,,,,PG/SG,Allonzo Trier (12011080),Allonzo Trier,12011080,PG/SG/G/UTIL,5300,NY@CHA 01/28/2019 07:00PM ET,NY,18.26
,,,,,,,,,SF/PF,Marvin Williams (12011084),Marvin Williams,12011084,SF/PF/F/UTIL,5300,NY@CHA 01/28/2019 07:00PM ET,CHA,23.14
,,,,,,,,,SG/SF,Kent Bazemore (12011071),Kent Bazemore,12011071,SG/SF/F/G/UTIL,5300,ATL@LAC 01/28/2019 10:30PM ET,ATL,27.89
,,,,,,,,,PG/SG,Terry Rozier (12011076),Terry Rozier,12011076,PG/SG/G/UTIL,5300,BKN@BOS 01/28/2019 07:30PM ET,BOS,20.42
,,,,,,,,,SG/SF,Tyreke Evans (12011088),Tyreke Evans,12011088,SG/SF/F/G/UTIL,5200,GS@IND 01/28/2019 07:00PM ET,IND,20.03
,,,,,,,,,PF/C,Paul Millsap (12011093),Paul Millsap,12011093,PF/C/F/UTIL,5100,DEN@MEM 01/28/2019 08:00PM ET,DEN,27.67
,,,,,,,,,PG,Emmanuel Mudiay (12011097),Emmanuel Mudiay,12011097,PG/G/UTIL,5000,NY@CHA 01/28/2019 07:00PM ET,NY,26.13
,,,,,,,,,SG/SF,Nicolas Batum (12011113),Nicolas Batum,12011113,SG/SF/F/G/UTIL,4900,NY@CHA 01/28/2019 07:00PM ET,CHA,23.41
,,,,,,,,,SF/PF,Gordon Hayward (12011100),Gordon Hayward,12011100,SF/PF/F/UTIL,4900,BKN@BOS 01/28/2019 07:30PM ET,BOS,24.14
,,,,,,,,,SF/PF,Marcus Morris (12011104),Marcus Morris,12011104,SF/PF/F/UTIL,4900,BKN@BOS 01/28/2019 07:30PM ET,BOS,26.61
,,,,,,,,,SG/SF,Joe Harris (12011108),Joe Harris,12011108,SG/SF/F/G/UTIL,4900,BKN@BOS 01/28/2019 07:30PM ET,BKN,23.80
,,,,,,,,,SG/SF,Kevin Huerter (12011118),Kevin Huerter,12011118,SG/SF/F/G/UTIL,4800,ATL@LAC 01/28/2019 10:30PM ET,ATL,19.36
,,,,,,,,,SF/PF,JaMychal Green (12011123),JaMychal Green,12011123,SF/PF/F/UTIL,4800,DEN@MEM 01/28/2019 08:00PM ET,MEM,22.72
,,,,,,,,,C,Enes Kanter (12011127),Enes Kanter,12011127,C/UTIL,4700,NY@CHA 01/28/2019 07:00PM ET,NY,32.48
,,,,,,,,,SF/PF,DeMarre Carroll (12011129),DeMarre Carroll,12011129,SF/PF/F/UTIL,4700,BKN@BOS 01/28/2019 07:30PM ET,BKN,19.99
,,,,,,,,,SG/SF,DeAndre' Bembry (12011133),DeAndre' Bembry,12011133,SG/SF/F/G/UTIL,4600,ATL@LAC 01/28/2019 10:30PM ET,ATL,21.43
,,,,,,,,,PG,Monte Morris (12011151),Monte Morris,12011151,PG/G/UTIL,4600,DEN@MEM 01/28/2019 08:00PM ET,DEN,20.82
,,,,,,,,,PG/SG,Shabazz Napier (12011138),Shabazz Napier,12011138,PG/SG/G/UTIL,4600,BKN@BOS 01/28/2019 07:30PM ET,BKN,16.86
,,,,,,,,,PG/SG,Marcus Smart (12011142),Marcus Smart,12011142,PG/SG/G/UTIL,4600,BKN@BOS 01/28/2019 07:30PM ET,BOS,21.55
,,,,,,,,,PG/SG,Patrick Beverley (12011154),Patrick Beverley,12011154,PG/SG/G/UTIL,4500,ATL@LAC 01/28/2019 10:30PM ET,LAC,20.18
,,,,,,,,,PG/SF,Kyle Anderson (12011146),Kyle Anderson,12011146,PG/SF/F/G/UTIL,4500,DEN@MEM 01/28/2019 08:00PM ET,MEM,23.63
,,,,,,,,,SG/SF,Torrey Craig (12011158),Torrey Craig,12011158,SG/SF/F/G/UTIL,4500,DEN@MEM 01/28/2019 08:00PM ET,DEN,15.26
,,,,,,,,,SG/SF,Justin Holiday (12011163),Justin Holiday,12011163,SG/SF/F/G/UTIL,4500,DEN@MEM 01/28/2019 08:00PM ET,MEM,23.42
,,,,,,,,,SG/SF,Theo Pinson (12011168),Theo Pinson,12011168,SG/SF/F/G/UTIL,4400,BKN@BOS 01/28/2019 07:30PM ET,BKN,10.75
,,,,,,,,,SG/SF,Jaylen Brown (12011173),Jaylen Brown,12011173,SG/SF/F/G/UTIL,4400,BKN@BOS 01/28/2019 07:30PM ET,BOS,22.23
,,,,,,,,,C,Alex Len (12011178),Alex Len,12011178,C/UTIL,4300,ATL@LAC 01/28/2019 10:30PM ET,ATL,21.69
,,,,,,,,,C,Bismack Biyombo (12011184),Bismack Biyombo,12011184,C/UTIL,4200,NY@CHA 01/28/2019 07:00PM ET,CHA,14.85
,,,,,,,,,PG/SG,Trey Burke (12011193),Trey Burke,12011193,PG/SG/G/UTIL,4200,NY@CHA 01/28/2019 07:00PM ET,NY,19.83
,,,,,,,,,PG,Cory Joseph (12011186),Cory Joseph,12011186,PG/G/UTIL,4200,GS@IND 01/28/2019 07:00PM ET,IND,19.83
,,,,,,,,,PG/SG,Jeremy Lin (12011189),Jeremy Lin,12011189,PG/SG/G/UTIL,4200,ATL@LAC 01/28/2019 10:30PM ET,ATL,20.66
,,,,,,,,,PG/SG,Malik Beasley (12011180),Malik Beasley,12011180,PG/SG/G/UTIL,4200,DEN@MEM 01/28/2019 08:00PM ET,DEN,17.42
,,,,,,,,,PF/C,Luke Kornet (12011197),Luke Kornet,12011197,PF/C/F/UTIL,4100,NY@CHA 01/28/2019 07:00PM ET,NY,15.52
,,,,,,,,,PG/SG,Frank Ntilikina (12011201),Frank Ntilikina,12011201,PG/SG/G/UTIL,4100,NY@CHA 01/28/2019 07:00PM ET,NY,14.5
,,,,,,,,,C,Mitchell Robinson (12011205),Mitchell Robinson,12011205,C/UTIL,4100,NY@CHA 01/28/2019 07:00PM ET,NY,15.93
,,,,,,,,,C,Cody Zeller (12011210),Cody Zeller,12011210,C/UTIL,4000,NY@CHA 01/28/2019 07:00PM ET,CHA,22.84
,,,,,,,,,PG,Isaiah Thomas (12011207),Isaiah Thomas,12011207,PG/G/UTIL,4000,DEN@MEM 01/28/2019 08:00PM ET,DEN,0
,,,,,,,,,SG/SF,Allen Crabbe (12011212),Allen Crabbe,12011212,SG/SF/F/G/UTIL,4000,BKN@BOS 01/28/2019 07:30PM ET,BKN,17.78
,,,,,,,,,C,Ed Davis (12011217),Ed Davis,12011217,C/UTIL,4000,BKN@BOS 01/28/2019 07:30PM ET,BKN,19.38
,,,,,,,,,SF/PF,Rodions Kurucs (12011219),Rodions Kurucs,12011219,SF/PF/F/UTIL,4000,BKN@BOS 01/28/2019 07:30PM ET,BKN,16.66
,,,,,,,,,SF/PF,Michael Kidd-Gilchrist (12011227),Michael Kidd-Gilchrist,12011227,SF/PF/F/UTIL,3900,NY@CHA 01/28/2019 07:00PM ET,CHA,17.65
,,,,,,,,,C,Guillermo Hernangomez (12011231),Guillermo Hernangomez,12011231,C/UTIL,3900,NY@CHA 01/28/2019 07:00PM ET,CHA,17.26
,,,,,,,,,PF/C,Kevon Looney (12011233),Kevon Looney,12011233,PF/C/F/UTIL,3900,GS@IND 01/28/2019 07:00PM ET,GS,19.35
,,,,,,,,,SF/PF,Trey Lyles (12011223),Trey Lyles,12011223,SF/PF/F/UTIL,3900,DEN@MEM 01/28/2019 08:00PM ET,DEN,18.64
,,,,,,,,,PF/C,Mason Plumlee (12011237),Mason Plumlee,12011237,PF/C/F/UTIL,3900,DEN@MEM 01/28/2019 08:00PM ET,DEN,21.96
,,,,,,,,,SG/SF,Andre Iguodala (12011250),Andre Iguodala,12011250,SG/SF/F/G/UTIL,3800,GS@IND 01/28/2019 07:00PM ET,GS,18.24
,,,,,,,,,PG/SG,Shai Gilgeous-Alexander (12011246),Shai Gilgeous-Alexander,12011246,PG/SG/G/UTIL,3800,ATL@LAC 01/28/2019 10:30PM ET,LAC,20.08
,,,,,,,,,SG/SF,Garrett Temple (12011241),Garrett Temple,12011241,SG/SF/F/G/UTIL,3800,DEN@MEM 01/28/2019 08:00PM ET,MEM,18.70
,,,,,,,,,SG,Avery Bradley (12011259),Avery Bradley,12011259,SG/G/UTIL,3700,ATL@LAC 01/28/2019 10:30PM ET,LAC,16.26
,,,,,,,,,PF/C,Rondae Hollis-Jefferson (12011255),Rondae Hollis-Jefferson,12011255,PF/C/F/UTIL,3700,BKN@BOS 01/28/2019 07:30PM ET,BKN,20.96
,,,,,,,,,SF/PF,Miles Bridges (12011262),Miles Bridges,12011262,SF/PF/F/UTIL,3600,NY@CHA 01/28/2019 07:00PM ET,CHA,14.85
,,,,,,,,,PG,Tony Parker (12011270),Tony Parker,12011270,PG/G/UTIL,3600,NY@CHA 01/28/2019 07:00PM ET,CHA,17.86
,,,,,,,,,SG/SF,Damyean Dotson (12011273),Damyean Dotson,12011273,SG/SF/F/G/UTIL,3600,NY@CHA 01/28/2019 07:00PM ET,NY,18.40
,,,,,,,,,PG/SG,Shelvin Mack (12011266),Shelvin Mack,12011266,PG/SG/G/UTIL,3600,DEN@MEM 01/28/2019 08:00PM ET,MEM,17.28
,,,,,,,,,SF/PF,Mario Hezonja (12011278),Mario Hezonja,12011278,SF/PF/F/UTIL,3500,NY@CHA 01/28/2019 07:00PM ET,NY,15.21
,,,,,,,,,SF/PF,Treveon Graham (12011282),Treveon Graham,12011282,SF/PF/F/UTIL,3500,BKN@BOS 01/28/2019 07:30PM ET,BKN,11.25
,,,,,,,,,C,Aron Baynes (12011286),Aron Baynes,12011286,C/UTIL,3500,BKN@BOS 01/28/2019 07:30PM ET,BOS,13.85
,,,,,,,,,PF/C,Omari Spellman (12011300),Omari Spellman,12011300,PF/C/F/UTIL,3400,ATL@LAC 01/28/2019 10:30PM ET,ATL,15.15
,,,,,,,,,SF/PF,Juancho Hernangomez (12011288),Juancho Hernangomez,12011288,SF/PF/F/UTIL,3400,DEN@MEM 01/28/2019 08:00PM ET,DEN,18.12
,,,,,,,,,SF/PF,Bruno Caboclo (12011292),Bruno Caboclo,12011292,SF/PF/F/UTIL,3400,DEN@MEM 01/28/2019 08:00PM ET,MEM,15.12
,,,,,,,,,SF/PF,Omri Casspi (12011296),Omri Casspi,12011296,SF/PF/F/UTIL,3400,DEN@MEM 01/28/2019 08:00PM ET,MEM,12.85
,,,,,,,,,PG/SG,Malik Monk (12011327),Malik Monk,12011327,PG/SG/G/UTIL,3300,NY@CHA 01/28/2019 07:00PM ET,CHA,16.59
,,,,,,,,,SF/PF,Jonas Jerebko (12011304),Jonas Jerebko,12011304,SF/PF/F/UTIL,3300,GS@IND 01/28/2019 07:00PM ET,GS,16.83
,,,,,,,,,PG/SG,Aaron Holiday (12011331),Aaron Holiday,12011331,PG/SG/G/UTIL,3300,GS@IND 01/28/2019 07:00PM ET,IND,10.61
,,,,,,,,,SG/SF,Tyrone Wallace (12011308),Tyrone Wallace,12011308,SG/SF/F/G/UTIL,3300,ATL@LAC 01/28/2019 10:30PM ET,LAC,8.45
,,,,,,,,,PF/C,Johnathan Motley (12011317),Johnathan Motley,12011317,PF/C/F/UTIL,3300,ATL@LAC 01/28/2019 10:30PM ET,LAC,10
,,,,,,,,,C,Marcin Gortat (12011325),Marcin Gortat,12011325,C/UTIL,3300,ATL@LAC 01/28/2019 10:30PM ET,LAC,15.22
,,,,,,,,,PG/SG,Jevon Carter (12011321),Jevon Carter,12011321,PG/SG/G/UTIL,3300,DEN@MEM 01/28/2019 08:00PM ET,MEM,8.93
,,,,,,,,,PF/C,Daniel Theis (12011313),Daniel Theis,12011313,PF/C/F/UTIL,3300,BKN@BOS 01/28/2019 07:30PM ET,BOS,14.60
,,,,,,,,,PG/SG,Devonte' Graham (12011340),Devonte' Graham,12011340,PG/SG/G/UTIL,3200,NY@CHA 01/28/2019 07:00PM ET,CHA,10.05
,,,,,,,,,SF/PF,Lance Thomas (12011351),Lance Thomas,12011351,SF/PF/F/UTIL,3200,NY@CHA 01/28/2019 07:00PM ET,NY,9.25
,,,,,,,,,SF/PF,Alfonzo McKinnie (12011344),Alfonzo McKinnie,12011344,SF/PF/F/UTIL,3200,GS@IND 01/28/2019 07:00PM ET,GS,11.48
,,,,,,,,,SF/PF,Doug McDermott (12011355),Doug McDermott,12011355,SF/PF/F/UTIL,3200,GS@IND 01/28/2019 07:00PM ET,IND,10.53
,,,,,,,,,SG/SF,Daniel Hamilton (12011335),Daniel Hamilton,12011335,SG/SF/F/G/UTIL,3200,ATL@LAC 01/28/2019 10:30PM ET,ATL,9.78
,,,,,,,,,SG,Jerome Robinson (12011348),Jerome Robinson,12011348,SG/G/UTIL,3200,ATL@LAC 01/28/2019 10:30PM ET,LAC,6.12
,,,,,,,,,C,Joakim Noah (12011359),Joakim Noah,12011359,C/UTIL,3200,DEN@MEM 01/28/2019 08:00PM ET,MEM,12.41
,,,,,,,,,SG/SF,Courtney Lee (12011368),Courtney Lee,12011368,SG/SF/F/G/UTIL,3100,NY@CHA 01/28/2019 07:00PM ET,NY,11.15
,,,,,,,,,SF/PF,TJ Leaf (12011373),TJ Leaf,12011373,SF/PF/F/UTIL,3100,GS@IND 01/28/2019 07:00PM ET,IND,6.25
,,,,,,,,,PF/C,Kyle O'Quinn (12011377),Kyle O'Quinn,12011377,PF/C/F/UTIL,3100,GS@IND 01/28/2019 07:00PM ET,IND,9.15
,,,,,,,,,PG,Quinn Cook (12011381),Quinn Cook,12011381,PG/G/UTIL,3100,GS@IND 01/28/2019 07:00PM ET,GS,14.64
,,,,,,,,,PG,Milos Teodosic (12011365),Milos Teodosic,12011365,PG/G/UTIL,3100,ATL@LAC 01/28/2019 10:30PM ET,LAC,7.9
,,,,,,,,,SG,Vince Carter (12011394),Vince Carter,12011394,SG/G/UTIL,3100,ATL@LAC 01/28/2019 10:30PM ET,ATL,13.94
,,,,,,,,,PF/C,Ivan Rabb (12011384),Ivan Rabb,12011384,PF/C/F/UTIL,3100,DEN@MEM 01/28/2019 08:00PM ET,MEM,7.5
,,,,,,,,,PG/SG,Brad Wanamaker (12011361),Brad Wanamaker,12011361,PG/SG/G/UTIL,3100,BKN@BOS 01/28/2019 07:30PM ET,BOS,8.05
,,,,,,,,,C,Alan Williams (12011388),Alan Williams,12011388,C/UTIL,3100,BKN@BOS 01/28/2019 07:30PM ET,BKN,20.5
,,,,,,,,,PF/C,Robert Williams (12011390),Robert Williams,12011390,PF/C/F/UTIL,3100,BKN@BOS 01/28/2019 07:30PM ET,BOS,10.51
,,,,,,,,,PG,Joe Chealey (12011401),Joe Chealey,12011401,PG/G/UTIL,3000,NY@CHA 01/28/2019 07:00PM ET,CHA,0
,,,,,,,,,SG,J.P. Macura (12011404),J.P. Macura,12011404,SG/G/UTIL,3000,NY@CHA 01/28/2019 07:00PM ET,CHA,9.5
,,,,,,,,,PF/C,Frank Kaminsky (12011407),Frank Kaminsky,12011407,PF/C/F/UTIL,3000,NY@CHA 01/28/2019 07:00PM ET,CHA,11.58
,,,,,,,,,SG/SF,Dwayne Bacon (12011411),Dwayne Bacon,12011411,SG/SF/F/G/UTIL,3000,NY@CHA 01/28/2019 07:00PM ET,CHA,8.24
,,,,,,,,,PF/C,Kristaps Porzingis (12011416),Kristaps Porzingis,12011416,PF/C/F/UTIL,3000,NY@CHA 01/28/2019 07:00PM ET,NY,0
,,,,,,,,,PF/C,Isaiah Hicks (12011420),Isaiah Hicks,12011420,PF/C/F/UTIL,3000,NY@CHA 01/28/2019 07:00PM ET,NY,0
,,,,,,,,,PF,Alize Johnson (12011424),Alize Johnson,12011424,PF/F/UTIL,3000,GS@IND 01/28/2019 07:00PM ET,IND,1.85
,,,,,,,,,C,Ike Anigbogu (12011427),Ike Anigbogu,12011427,C/UTIL,3000,GS@IND 01/28/2019 07:00PM ET,IND,2.25
,,,,,,,,,PG/SG,Victor Oladipo (12011429),Victor Oladipo,12011429,PG/SG/G/UTIL,3000,GS@IND 01/28/2019 07:00PM ET,IND,37.56
,,,,,,,,,SG,Stephan Hicks (12011433),Stephan Hicks,12011433,SG/G/UTIL,3000,GS@IND 01/28/2019 07:00PM ET,IND,0
,,,,,,,,,PG,Edmond Sumner (12011436),Edmond Sumner,12011436,PG/G/UTIL,3000,GS@IND 01/28/2019 07:00PM ET,IND,1.19
,,,,,,,,,SG/SF,Davon Reed (12011439),Davon Reed,12011439,SG/SF/F/G/UTIL,3000,GS@IND 01/28/2019 07:00PM ET,IND,0
,,,,,,,,,SG/SF,Damion Lee (12011444),Damion Lee,12011444,SG/SF/F/G/UTIL,3000,GS@IND 01/28/2019 07:00PM ET,GS,8.58
,,,,,,,,,PF/C,Jordan Bell (12011449),Jordan Bell,12011449,PF/C/F/UTIL,3000,GS@IND 01/28/2019 07:00PM ET,GS,9.76
,,,,,,,,,C,Damian Jones (12011453),Damian Jones,12011453,C/UTIL,3000,GS@IND 01/28/2019 07:00PM ET,GS,13.82
,,,,,,,,,SG/SF,Jacob Evans III (12011455),Jacob Evans III,12011455,SG/SF/F/G/UTIL,3000,GS@IND 01/28/2019 07:00PM ET,GS,2.26
,,,,,,,,,SF,Marcus Derrickson (12011460),Marcus Derrickson,12011460,SF/F/UTIL,3000,GS@IND 01/28/2019 07:00PM ET,GS,3.92
,,,,,,,,,PG,Shaun Livingston (12011560),Shaun Livingston,12011560,PG/G/UTIL,3000,GS@IND 01/28/2019 07:00PM ET,GS,11.88
,,,,,,,,,SF/PF,Justin Anderson (12011397),Justin Anderson,12011397,SF/PF/F/UTIL,3000,ATL@LAC 01/28/2019 10:30PM ET,ATL,7.16
,,,,,,,,,SF/PF,Luc Richard Mbah a Moute (12011463),Luc Richard Mbah a Moute,12011463,SF/PF/F/UTIL,3000,ATL@LAC 01/28/2019 10:30PM ET,LAC,8.94
,,,,,,,,,SG/SF,Sindarius Thornwell (12011467),Sindarius Thornwell,12011467,SG/SF/F/G/UTIL,3000,ATL@LAC 01/28/2019 10:30PM ET,LAC,3.38
,,,,,,,,,C,Angel Delgado (12011472),Angel Delgado,12011472,C/UTIL,3000,ATL@LAC 01/28/2019 10:30PM ET,LAC,0
,,,,,,,,,C,Boban Marjanovic (12011474),Boban Marjanovic,12011474,C/UTIL,3000,ATL@LAC 01/28/2019 10:30PM ET,LAC,14.02
,,,,,,,,,SF/PF,Mike Scott (12011476),Mike Scott,12011476,SF/PF/F/UTIL,3000,ATL@LAC 01/28/2019 10:30PM ET,LAC,11.13
,,,,,,,,,SF/PF,Alex Poythress (12011480),Alex Poythress,12011480,SF/PF/F/UTIL,3000,ATL@LAC 01/28/2019 10:30PM ET,ATL,11.21
,,,,,,,,,PG,Jaylen Adams (12011484),Jaylen Adams,12011484,PG/G/UTIL,3000,ATL@LAC 01/28/2019 10:30PM ET,ATL,3.25
,,,,,,,,,PG/SG,Tyler Dorsey (12011487),Tyler Dorsey,12011487,PG/SG/G/UTIL,3000,ATL@LAC 01/28/2019 10:30PM ET,ATL,7.09
,,,,,,,,,C,Miles Plumlee (12011491),Miles Plumlee,12011491,C/UTIL,3000,ATL@LAC 01/28/2019 10:30PM ET,ATL,9.40
,,,,,,,,,SG/SF,Dillon Brooks (12011493),Dillon Brooks,12011493,SG/SF/F/G/UTIL,3000,DEN@MEM 01/28/2019 08:00PM ET,MEM,12.43
,,,,,,,,,SF/PF,Yuta Watanabe (12011498),Yuta Watanabe,12011498,SF/PF/F/UTIL,3000,DEN@MEM 01/28/2019 08:00PM ET,MEM,4.25
,,,,,,,,,SG/SF,Julian Washburn (12011502),Julian Washburn,12011502,SG/SF/F/G/UTIL,3000,DEN@MEM 01/28/2019 08:00PM ET,MEM,0
,,,,,,,,,SF/PF,Chandler Parsons (12011507),Chandler Parsons,12011507,SF/PF/F/UTIL,3000,DEN@MEM 01/28/2019 08:00PM ET,MEM,9.83
,,,,,,,,,SF/PF,Michael Porter Jr. (12011511),Michael Porter Jr.,12011511,SF/PF/F/UTIL,3000,DEN@MEM 01/28/2019 08:00PM ET,DEN,0
,,,,,,,,,PF,Tyler Lydon (12011515),Tyler Lydon,12011515,PF/F/UTIL,3000,DEN@MEM 01/28/2019 08:00PM ET,DEN,2.55
,,,,,,,,,SF/PF,Jarred Vanderbilt (12011518),Jarred Vanderbilt,12011518,SF/PF/F/UTIL,3000,DEN@MEM 01/28/2019 08:00PM ET,DEN,7.75
,,,,,,,,,C,Thomas Welsh (12011522),Thomas Welsh,12011522,C/UTIL,3000,DEN@MEM 01/28/2019 08:00PM ET,DEN,3.71
,,,,,,,,,PG/SG,Brandon Goodwin (12011524),Brandon Goodwin,12011524,PG/SG/G/UTIL,3000,DEN@MEM 01/28/2019 08:00PM ET,DEN,3.89
,,,,,,,,,SG/SF,Dzanan Musa (12011528),Dzanan Musa,12011528,SG/SF/F/G/UTIL,3000,BKN@BOS 01/28/2019 07:30PM ET,BKN,2.82
,,,,,,,,,SF/PF,Jared Dudley (12011533),Jared Dudley,12011533,SF/PF/F/UTIL,3000,BKN@BOS 01/28/2019 07:30PM ET,BKN,12.69
,,,,,,,,,PF/C,Guerschon Yabusele (12011537),Guerschon Yabusele,12011537,PF/C/F/UTIL,3000,BKN@BOS 01/28/2019 07:30PM ET,BOS,5
,,,,,,,,,PG/SG,PJ Dozier (12011541),PJ Dozier,12011541,PG/SG/G/UTIL,3000,BKN@BOS 01/28/2019 07:30PM ET,BOS,4.17
,,,,,,,,,SG,R.J. Hunter (12011545),R.J. Hunter,12011545,SG/G/UTIL,3000,BKN@BOS 01/28/2019 07:30PM ET,BOS,0
,,,,,,,,,SG/SF,Jabari Bird (12011548),Jabari Bird,12011548,SG/SF/F/G/UTIL,3000,BKN@BOS 01/28/2019 07:30PM ET,BOS,0
,,,,,,,,,SF/PF,Semi Ojeleye (12011553),Semi Ojeleye,12011553,SF/PF/F/UTIL,3000,BKN@BOS 01/28/2019 07:30PM ET,BOS,6.49
,,,,,,,,,SG,Mitch Creek (12011557),Mitch Creek,12011557,SG/G/UTIL,3000,BKN@BOS 01/28/2019 07:30PM ET,BKN,0
